Chicago,0,This is the short description of job 0,,2002-10-28
Chicago,3,This is the short description of job 3,300,2002-10-28
Chicago,7,This is the short description of job 7,700,2002-11-05
Chicago,8,This is the short description of job 8,800,2002-10-27
Chicago,16,This is the short description of job 16,1600,2002-10-21
Chicago,17,This is the short description of job 17,1700,2002-11-03
Chicago,20,This is the short description of job 20,2000,2002-11-02
Chicago,22,This is the short description of job 22,2200,2002-10-22
Chicago,24,This is the short description of job 24,2400,2002-11-06
Chicago,25,This is the short description of job 25,2500,2002-10-23
Chicago,29,This is the short description of job 29,2900,2002-10-26
Chicago,32,This is the short description of job 32,3200,2002-11-02
Chicago,33,This is the short description of job 33,3300,2002-11-05
Chicago,35,This is the short description of job 35 This is the short description of job 35,3500,2002-11-08
Chicago,38,This is the short description of job 38,3800,2002-11-03
Chicago,39,This is the short description of job 39,3900,2002-10-28
Chicago,49,This is the short description of job 49,4900,2002-10-24
Chicago,50,This is the short description of job 50,5000,2002-11-04
Chicago,51,This is the short description of job 51,5100,2002-10-22
Chicago,53,This is the short description of job 53,5300,2002-10-24
Chicago,57,This is the short description of job 57,5700,2002-11-07
Chicago,60,This is the short description of job 60,6000,2002-11-04
Chicago,62,This is the short description of job 62,6200,2002-10-27
Chicago,63,This is the short description of job 63,6300,2002-10-20
Chicago,65,This is the short description of job 65,6500,2002-11-05
Chicago,67,This is the short description of job 67,6700,2002-10-22
Chicago,68,This is the short description of job 68,6800,2002-10-31
Chicago,69,This is the short description of job 69,6900,2002-11-05
Chicago,70,This is the short description of job 70,7000,2002-10-22
Chicago,74,This is the short description of job 74,7400,2002-11-02
Chicago,83,This is the short description of job 83,8300,2002-10-31
Chicago,85,This is the short description of job 85,8500,2002-11-01
Chicago,86,This is the short description of job 86,8600,2002-11-04
Chicago,87,This is the short description of job 87,8700,2002-10-22
Chicago,89,This is the short description of job 89,8900,2002-10-23
Chicago,94,This is the short description of job 94,9400,2002-11-05
Chicago,98,This is the short description of job 98,9800,2002-11-05
Chicago,99,This is the short description of job 99 This is the short description of job 99,9900,2002-10-21
New Jersey,1,This is the short description of job 1,100,2002-11-06
New Jersey,4,This is the short description of job 4,400,2002-10-29
New Jersey,5,This is the short description of job 5,500,2002-10-28
New Jersey,9,This is the short description of job 9,900,2002-10-25
New Jersey,11,This is the short description of job 11,1100,2002-11-04
New Jersey,12,This is the short description of job 12,1200,2002-10-30
New Jersey,13,This is the short description of job 13,1300,2002-10-29
New Jersey,15,This is the short description of job 15,1500,2002-10-27
New Jersey,18,This is the short description of job 18,1800,2002-11-02
New Jersey,19,This is the short description of job 19,1900,2002-10-21
New Jersey,21,This is the short description of job 21,2100,2002-10-24
New Jersey,23,This is the short description of job 23,2300,2002-11-01
New Jersey,26,This is the short description of job 26,2600,2002-10-26
New Jersey,28,This is the short description of job 28,2800,2002-11-04
New Jersey,36,This is the short description of job 36,3600,2002-10-20
New Jersey,37,This is the short description of job 37,3700,2002-10-22
New Jersey,40,This is the short description of job 40,4000,2002-11-02
New Jersey,41,This is the short description of job 41,4100,2002-10-30
New Jersey,42,This is the short description of job 42,4200,2002-11-08
New Jersey,43,This is the short description of job 43,4300,2002-10-27
New Jersey,46,This is the short description of job 46 This is the short description of job 46,4600,2002-10-20
New Jersey,55,This is the short description of job 55,5500,2002-11-02
New Jersey,58,This is the short description of job 58 This is the short description of job 58,5800,2002-11-03
New Jersey,59,This is the short description of job 59,5900,2002-11-01
New Jersey,61,This is the short description of job 61,6100,2002-10-31
New Jersey,66,This is the short description of job 66,6600,2002-11-03
New Jersey,72,This is the short description of job 72,7200,2002-11-04
New Jersey,75,This is the short description of job 75,7500,2002-10-27
New Jersey,76,This is the short description of job 76,7600,2002-10-25
New Jersey,77,This is the short description of job 77,7700,2002-11-08
New Jersey,79,This is the short description of job 79,7900,2002-11-01
New Jersey,80,This is the short description of job 80,8000,2002-11-04
New Jersey,81,This is the short description of job 81,8100,2002-10-29
New Jersey,84,This is the short description of job 84,8400,2002-11-03
New Jersey,96,This is the short description of job 96,9600,2002-10-22
New York,2,This is the short description of job 2,200,2002-11-04
New York,6,This is the short description of job 6,600,2002-11-06
New York,10,This is the short description of job 10,1000,2002-10-20
New York,14,This is the short description of job 14,1400,2002-10-28
New York,27,This is the short description of job 27,2700,2002-10-22
New York,30,This is the short description of job 30,3000,2002-10-25
New York,31,This is the short description of job 31,3100,2002-10-21
New York,34,This is the short description of job 34,3400,2002-11-07
New York,44,This is the short description of job 44,4400,2002-11-05
New York,45,This is the short description of job 45,4500,2002-11-05
New York,47,This is the short description of job 47,4700,2002-11-05
New York,48,This is the short description of job 48,4800,2002-10-23
New York,52,This is the short description of job 52,5200,2002-10-22
New York,54,This is the short description of job 54,5400,2002-11-02
New York,56,This is the short description of job 56,5600,2002-11-02
New York,64,This is the short description of job 64,6400,2002-10-20
New York,71,This is the short description of job 71,7100,2002-11-08
New York,73,This is the short description of job 73,7300,2002-11-03
New York,78,This is the short description of job 78,7800,2002-10-24
New York,82,This is the short description of job 82,8200,2002-10-24
New York,88,This is the short description of job 88,8800,2002-10-20
New York,90,This is the short description of job 90,9000,2002-10-22
New York,91,This is the short description of job 91 This is the short description of job 91,9100,2002-10-22
New York,92,This is the short description of job 92,9200,2002-10-26
New York,93,This is the short description of job 93,9300,2002-10-27
New York,95,This is the short description of job 95,9500,2002-10-30
New York,97,This is the short description of job 97,9700,2002-10-22
